{
	"typ": "If",
	"warunek": {
		"typ": "And",
		"argument1": {
			"typ": "True"
		},
		"argument2": {
			"typ": "True"
		}
	},
	"blok_prawda": {
		"typ": "If",
		"warunek": {
			"typ": "And",
			"argument1": {
				"typ": "False"
			},
			"argument2": {
				"typ": "True"
			}
		},
		"blok_prawda": {
			"typ": "Liczba",
			"wartosc": 0
		},
		"blok_falsz": {
			"typ": "If",
			"warunek": {
				"typ": "And",
				"argument1": {
					"typ": "True"
				},
				"argument2": {
					"typ": "False"
				}
			},
			"blok_prawda": {
				"typ": "Liczba",
				"wartosc": 1
			},
			"blok_falsz": {
				"typ": "If",
				"warunek": {
					"typ": "And",
					"argument1": {
						"typ": "False"
					},
					"argument2": {
						"typ": "False"
					}
				},
				"blok_prawda": {
					"typ": "Liczba",
					"wartosc": 2
				},
				"blok_falsz": {
					"typ": "Liczba",
					"wartosc": 3
				}
			}
		}
	},
	"blok_falsz": {
		"typ": "Liczba",
		"wartosc": 4
	}
}