{
	"typ":"Blok",
	"instrukcje":[
		{
			"typ":"Przypisanie",
			"nazwa":"numer",
			"wartosc":{
				"typ":"Liczba",
				"wartosc":6
			}
		},
		{
			"typ":"If",
			"warunek":{
				"typ":"<=",
				"argument1":{
					"typ":"Zmienna",
					"nazwa":"numer"
				},
				"argument2":{
					"typ":"Liczba",
					"wartosc":2
				}
			},
			"blok_prawda":{
				"typ":"Blok",
				"instrukcje":[
					{
						"typ":"Liczba",
						"wartosc":1
					}
				]
			},
			"blok_falsz":{
				"typ":"Blok",
				"instrukcje":[
					{
						"typ":"Przypisanie",
						"nazwa":"x1",
						"wartosc":{
							"typ":"Liczba",
							"wartosc":1
						}
					},
					{
						"typ":"Przypisanie",
						"nazwa":"x2",
						"wartosc":{
							"typ":"Liczba",
							"wartosc":1
						}
					},
					{
						"typ":"Przypisanie",
						"nazwa":"index",
						"wartosc":{
							"typ":"Liczba",
							"wartosc":3
						}
					},
					{
						"typ":"While",
						"warunek":{
							"typ":"<=",
							"argument1":{
								"typ":"Zmienna",
								"nazwa":"index"
							},
							"argument2":{
								"typ":"Zmienna",
								"nazwa":"numer"
							}
						},
						"blok":{
							"typ":"Blok",
							"instrukcje":[
								{
									"typ":"Przypisanie",
									"nazwa":"temp",
									"wartosc":{
										"typ":"Plus",
										"argument1":{
											"typ":"Zmienna",
											"nazwa":"x1"
										},
										"argument2":{
											"typ":"Zmienna",
											"nazwa":"x2"
										}
									}
								},
								{
									"typ":"Przypisanie",
									"nazwa":"x1",
									"wartosc":{
										"typ":"Zmienna",
										"nazwa":"x2"
									}
								},
								{
									"typ":"Przypisanie",
									"nazwa":"x2",
									"wartosc":{
										"typ":"Zmienna",
										"nazwa":"temp"
									}
								},
								{
									"typ":"Przypisanie",
									"nazwa":"index",
									"wartosc":{
										"typ":"Plus",
										"argument1":{
											"typ":"Zmienna",
											"nazwa":"index"
										},
										"argument2":{
											"typ":"Liczba",
											"wartosc":1
										}
									}
								}
							]
						}
					},
					{
						"typ":"Zmienna",
						"nazwa":"x2"
					}
				]
			}
		}
	]
}