{
	"typ": "Blok",
	"instrukcje": [
		{
			"typ": "Przypisanie",
			"nazwa": "i",
			"wartosc": {
				"typ": "Liczba",
				"wartosc": 0
			}
		},
		{
			"typ": "While",
			"warunek": {
				"typ": "<",
				"argument1": {
					"typ": "Zmienna",
					"nazwa": "i"
				},
				"argument2": {
					"typ": "Liczba",
					"wartosc": 10
				}
			},
			"blok": {
				"typ": "Przypisanie",
				"nazwa": "i",
				"wartosc": {
					"typ": "Plus",
					"argument1": {
						"typ": "Zmienna",
						"nazwa": "i"
					},
					"argument2": {
						"typ": "Liczba",
						"wartosc": 1
					}
				}
			}
		},
		{
			"typ": "Zmienna",
			"nazwa": "i"
		}
	]
}